{
  "gender": {
    "demographic_parity_difference": 0.0015681003584229192,
    "equalized_odds_difference": 0.026901669758812696,
    "by_group": {
      "selection_rate": {
        "0": 0.4213709677419355,
        "1": 0.4229390681003584
      },
      "recall": {
        "0": 0.803030303030303,
        "1": 0.8299319727891157
      },
      "precision": {
        "0": 0.507177033492823,
        "1": 0.5169491525423728
      }
    }
  },
  "SeniorCitizen": {
    "demographic_parity_difference": 0.31406425833318286,
    "equalized_odds_difference": 0.2669856459330143,
    "by_group": {
      "selection_rate": {
        "0": 0.36469221835075494,
        "1": 0.6787564766839378
      },
      "recall": {
        "0": 0.7806122448979592,
        "1": 0.9036144578313253
      },
      "precision": {
        "0": 0.4872611464968153,
        "1": 0.5725190839694656
      }
    }
  }
}